#AVAILABLE,CITY,TYPE,RENT,BEDS,BATHS,PETS,SQ. FT.
"Now","SANFRANCISCO","Apartment","$2155","2","2.00","PetOK",""
"Now","SANFRANCISCO","Apartment","$2159","Studio","1.00","NoPets",""
"Now","SANFRANCISCO","Apartment","$2160","Studio","1.00","NoPets",""
"Now","SANFRANCISCO","Apartment","$2165","1","1.00","PetOK",""
"Now","SANFRANCISCO","Apartment","$2165","Studio","1.00","CatOK","500"
"Now","SANFRANCISCO","Apartment","$2165","1","1.00","CatOK","664"
"Now","SANFRANCISCO","Apartment","$2176","1","1.00","PetOK",""
"Now","SANFRANCISCO","Apartment","$2183","1","1.00","CatOK","486"
"Now","SANFRANCISCO","Apartment","$2185","1","1.00","PetOK","615"
"Now","SANFRANCISCO","Apartment","$2185","1","1.00","Call",""
"Now","SANFRANCISCO","Apartment","$2185","1","1.00","PetOK","615"
"Now","SANFRANCISCO","Apartment","$2185","1","1.00","PetOK","615"
"Now","SANFRANCISCO","Apartment","$2185","1","1.00","PetOK","615"
"Now","SANFRANCISCO","Apartment","$2185","1","1.00","DogOK","600"
"Now","SANFRANCISCO","Apartment","$2189","2","1.00","PetOK","1100"
"Now","SANFRANCISCO","Apartment","$2190","2","1.00","Call",""
"Now","SANFRANCISCO","Apartment","$2195","1","1.00","PetOK","705"
"Now","SANFRANCISCO","Apartment","$2195","1","1.00","Call",""
"Now","SANFRANCISCO","Apartment","$2199","1","1.00","NoPets",""
"Now","SANFRANCISCO","Apartment","$2199","1","1.00","NoPets",""
"Now","SANFRANCISCO","Apartment","$2199","1","1.00","NoPets",""
"Now","SANFRANCISCO","Apartment","$2200","1","1.00","Call",""
"Now","SANFRANCISCO","Apartment","$2200","Studio","1.00","DogOK","300"
"Now","SANFRANCISCO","Apartment","$2200","2","2.00","PetOK","1100"
"Now","SANFRANCISCO","Apartment","$2200","2","1.00","NoPets",""
"02/09/2012","SANFRANCISCO","Apartment","$2200","1","1.00","NoPets",""
"Now","SANFRANCISCO","Apartment","$2209","2","2.00","PetOK",""
"Now","SANFRANCISCO","Apartment","$2210","1","1.00","PetOK","600"
"01/25/2012","SANFRANCISCO","Apartment","$2210","1","1.00","Call","705"
"Now","SANFRANCISCO","Apartment","$2215","1","1.00","CatOK","564"
"Now","SANFRANCISCO","Apartment","$2225","1","1.00","Call",""
"Now","SANFRANCISCO","Apartment","$2246","2","1.00","CatOK","1000"
"Now","SANFRANCISCO","Apartment","$2246","2","1.00","DogOK","931"
"Now","SANFRANCISCO","Apartment","$2250","1","1.00","NoPets","665"
"Now","SANFRANCISCO","Apartment","$2250","1","1.00","Call","565"
"Now","SANFRANCISCO","Apartment","$2265","1","1.00","PetOK","615"
"Now","SANFRANCISCO","Apartment","$2268","2","1.00","PetOK","1000"
"02/01/2012","SANFRANCISCO","Apartment","$2275","1","1.00","PetOK",""
"Now","SANFRANCISCO","Apartment","$2275","1","1.00","PetOK",""
"Now","SANFRANCISCO","Apartment","$2275","2","1.00","WillConsider","858"
"Now","SANFRANCISCO","Apartment","$2275","2","1.00","PetOK",""
"Now","SANFRANCISCO","Apartment","$2275","1","1.00","PetOK",""
"Now","SANFRANCISCO","Apartment","$2279","Studio","1.00","PetOK",""
"Now","SANFRANCISCO","Apartment","$2285","2","2.00","CatOK","710"
"Now","SANFRANCISCO","Apartment","$2295","1","1.00","NoPets",""
"Now","SANFRANCISCO","House","$2295","2","1.00","CatOK",""
"Now","SANFRANCISCO","Apartment","$2295","1","1.00","PetOK",""
"Now","SANFRANCISCO","Apartment","$2295","1","1.00","NoPets","700"
"Now","SANFRANCISCO","Apartment","$2295","2","3.00","NoPets",""
"Now","SANFRANCISCO","Apartment","$2299","1","1.00","NoPets",""
"Now","SANFRANCISCO","House","$2300","1","1.00","NoPets",""
"Now","SANFRANCISCO","Townhouse","$2300","2","2.00","PetOK",""
"Now","SANFRANCISCO","Apartment","$2300","1","1.00","PetOK",""
"Now","SANFRANCISCO","Apartment","$2300","2","1.00","PetOK","1010"
"Now","SANFRANCISCO","Apartment","$2300","3","1.00","PetOK","840"
"Now","SANFRANCISCO","Apartment","$2300","1","1.00","NoPets","550"
"Now","SANFRANCISCO","Apartment","$2300","2","1.00","CatOK",""
"Now","SANFRANCISCO","Apartment","$2300","Studio","1.00","NoPets","436"
"Now","SANFRANCISCO","Apartment","$2300","1","1.00","Call",""
"Now","SANFRANCISCO","Apartment","$2300","3","1.00","NoPets",""
"Now","SANFRANCISCO","Apartment","$2300","2","1.00","NoPets",""
"Now","SANFRANCISCO","House","$2300","2","1.00","NoPets",""
"Now","SANFRANCISCO","Apartment","$2300","2","1.00","NoPets",""
"Now","SANFRANCISCO","Apartment","$2300","2","2.00","PetOK",""
"Now","SANFRANCISCO","Townhouse","$2310","2","1.00","PetOK",""
"Now","SANFRANCISCO","Apartment","$2324","Studio","1.00","NoPets",""
"Now","SANFRANCISCO","Apartment","$2328","Studio","1.00","PetOK","533"
"Now","SANFRANCISCO","Apartment","$2328","Studio","1.00","PetOK","533"
"Now","SANFRANCISCO","Apartment","$2345","1","1.00","PetOK",""
"Now","SANFRANCISCO","Apartment","$2345","1","1.00","PetOK","665"
"Now","SANFRANCISCO","Apartment","$2350","2","1.00","PetOK",""
"Now","SANFRANCISCO","Apartment","$2350","1","1.00","NoPets",""
"01/31/2012","SANFRANCISCO","Apartment","$2350","1","1.00","Call","705"
"Now","SANFRANCISCO","Townhouse","$2350","2","1.00","PetOK","1100"
"Now","SANFRANCISCO","House","$2350","1","2.00","NoPets",""
"Now","SANFRANCISCO","Apartment","$2354","1","1.00","NoPets",""
"Now","SANFRANCISCO","Apartment","$2355","Studio","1.00","PetOK","539"
"Now","SANFRANCISCO","Apartment","$2355","Studio","1.00","PetOK","539"
"Now","SANFRANCISCO","Apartment","$2388","2","2.00","CatOK","1059"
"Now","SANFRANCISCO","Apartment","$2388","2","2.00","DogOK","1059"
"Now","SANFRANCISCO","Apartment","$2395","1","1.00","PetOK",""
"Now","SANFRANCISCO","Apartment","$2399","1","1.00","NoPets",""
"Now","SANFRANCISCO","Apartment","$2400","2","1.00","Call",""
"Now","SANFRANCISCO","Apartment","$2400","1","1.00","Call",""
"Now","SANFRANCISCO","Apartment","$2400","2","2.00","Call",""
"Now","SANFRANCISCO","House","$2400","4","2.00","NoPets",""
"Now","SANFRANCISCO","Apartment","$2400","1","1.00","NoPets",""
"Now","SANFRANCISCO","Apartment","$2402","Studio","1.00","PetOK","533"
"Now","SANFRANCISCO","Apartment","$2405","2","1.00","PetOK","1000"
"Now","SANFRANCISCO","Apartment","$2408","2","1.00","PetOK",""
"Now","SANFRANCISCO","Apartment","$2415","1","1.00","NoPets",""
"Now","SANFRANCISCO","Condo","$2415","1","1.00","NoPets",""
"Now","SANFRANCISCO","Apartment","$2437","1","1.00","PetOK",""
"Now","SANFRANCISCO","Apartment","$2437","1","1.00","PetOK",""
"Now","SANFRANCISCO","Apartment","$2437","1","1.00","Call","645"
"Now","SANFRANCISCO","Apartment","$2444","1","1.00","PetOK",""
"Now","SANFRANCISCO","Apartment","$2445","Studio","1.00","CatOK",""
"Now","SANFRANCISCO","Apartment","$2450","1","1.00","PetOK","668"
"Now","SANFRANCISCO","Apartment","$2450","2","2.00","PetOK","1200"
"Now","SANFRANCISCO","Apartment","$2450","2","1.00","NoPets",""
"Now","SANFRANCISCO","Apartment","$2450","1","1.00","Call","650"
"Now","SANFRANCISCO","Apartment","$2450","1","1.00","PetOK","782"
"Now","SANFRANCISCO","Apartment","$2450","2","2.00","PetOK",""
"Now","SANFRANCISCO","Apartment","$2450","2","1.00","PetOK",""
"Now","SANFRANCISCO","Apartment","$2460","1","1.00","PetOK","723"
"Now","SANFRANCISCO","Apartment","$2475","1","1.00","PetOK",""
"Now","SANFRANCISCO","Apartment","$2475","1","1.00","PetOK","756"
"Now","SANFRANCISCO","Apartment","$2485","1","1.00","PetOK","631"
"Now","SANFRANCISCO","Apartment","$2488","2","2.00","PetOK",""
"Now","SANFRANCISCO","Apartment","$2494","1","1.00","PetOK","675"
"Now","SANFRANCISCO","Apartment","$2495","Studio","1.00","CatOK","557"
"Now","SANFRANCISCO","House","$2495","2","2.00","NoPets",""
"Now","SANFRANCISCO","Condo","$2495","1","1.00","PetOK",""
"Now","SANFRANCISCO","Apartment","$2495","1","1.00","Call",""
"Now","SANFRANCISCO","Apartment","$2495","2","1.00","DogOK","950"
"Now","SANFRANCISCO","Apartment","$2495","1","1.00","WillConsider","875"
"Now","SANFRANCISCO","Guesthouse","$2500","2","1.00","NoPets",""
"Now","SANFRANCISCO","Apartment","$2500","Studio","1.00","Call","250"
"Now","SANFRANCISCO","Apartment","$2500","2","1.00","CatOK",""
"Now","SANFRANCISCO","Apartment","$2500","1","1.00","DogOK",""
"Now","SANFRANCISCO","Apartment","$2500","Studio","1.00","NoPets","494"
"Now","TWINPEAKS","Apartment","$2500","Studio","1.00","NoPets",""
"Now","SANFRANCISCO","Apartment","$2500","1","1.00","Call","400"
"Now","SANFRANCISCO","House","$2500","1","1.00","DogOK",""
"Now","THEMARINA","Apartment","$2500","1","1.00","NoPets",""
"Now","SANFRANCISCO","Apartment","$2500","1","1.00","Call","650"
"Now","SANFRANCISCO","Apartment","$2500","2","1.00","PetOK",""
"Now","SANFRANCISCO","Condo","$2500","2","2.00","NoPets",""
"Now","SANFRANCISCO","Apartment","$2505","1","1.00","PetOK","804"
"Now","SANFRANCISCO","Apartment","$2525","2","2.00","PetOK","1015"
"Now","SANFRANCISCO","Apartment","$2540","1","1.00","PetOK","746"
"Now","SANFRANCISCO","House","$2550","2","1.50","NoPets",""
"Now","SANFRANCISCO","Apartment","$2550","1","1.00","PetOK","850"
"Now","SANFRANCISCO","Apartment","$2550","1","1.00","Call","700"
"Now","SANFRANCISCO","Apartment","$2555","1","1.00","PetOK",""
"Now","SANFRANCISCO","Apartment","$2559","1","1.00","NoPets",""
"Now","SANFRANCISCO","Apartment","$2565","1","1.00","PetOK","700"
"Now","SANFRANCISCO","Apartment","$2565","1","1.00","PetOK","500"
"Now","SANFRANCISCO","Apartment","$2565","1","1.00","PetOK","825"
"Now","SANFRANCISCO","Apartment","$2583","1","1.00","PetOK","645"
"Now","SANFRANCISCO","Apartment","$2585","1","1.00","PetOK",""
"Now","SANFRANCISCO","Apartment","$2595","2","2.00","PetOK",""
"02/05/2012","SANFRANCISCO","Apartment","$2595","1","2.00","PetOK","1000"
"Now","SANFRANCISCO","Apartment","$2595","2","2.00","PetOK","1061"
"Now","SANFRANCISCO","Condo","$2595","2","2.00","PetOK","1061"
"Now","SANFRANCISCO","Apartment","$2595","1","1.00","DogOK","570"
"Now","SANFRANCISCO","Apartment","$2595","2","2.00","NoPets","1061"
"Now","SANFRANCISCO","Apartment","$2599","1","1.00","Call","925"
"Now","SANFRANCISCO","Apartment","$2600","1","1.00","NoPets",""
"Now","SANFRANCISCO","House","$2600","3","2.00","NoPets",""
"Now","SANFRANCISCO","Apartment","$2600","1","1.00","NoPets","450"
"Now","SANFRANCISCO","Apartment","$2600","Studio","1.00","Call",""
"Now","SANFRANCISCO","Apartment","$2600","3","2.50","NoPets",""
"Now","SANFRANCISCO","House","$2600","1","1.00","NoPets",""
"Now","SANFRANCISCO","Apartment","$2600","2","1.00","PetOK","900"
"Now","SANFRANCISCO","Apartment","$2600","2","2.00","NoPets",""
"Now","SANFRANCISCO","Apartment","$2600","2","1.00","Call",""
"Now","SANFRANCISCO","Apartment","$2605","1","1.00","PetOK","845"
"Now","SANFRANCISCO","Apartment","$2609","1","1.00","PetOK","664"
"Now","SANFRANCISCO","Apartment","$2610","2","2.00","DogOK","890"
"Now","SANFRANCISCO","Apartment","$2624","1","1.00","PetOK","664"
"Now","SANFRANCISCO","Apartment","$2624","1","1.00","PetOK","664"
"02/04/2012","SANFRANCISCO","Apartment","$2625","1","1.00","Call","665"
"Now","SANFRANCISCO","Apartment","$2645","1","1.00","WillConsider","875"
"Now","SANFRANCISCO","Apartment","$2650","1","1.00","PetOK",""
"Now","SANFRANCISCO","Condo","$2650","1","1.00","PetOK",""
"Now","THEOUTERRICHMOND","Condo","$2650","2","2.00","NoPets","1178"
"Now","SANFRANCISCO","Apartment","$2650","2","2.50","PetOK","1300"
"Now","SANFRANCSICO","Apartment","$2650","1","1.00","Call","600"
"Now","SANFRANCISCO","Apartment","$2650","1","1.00","CatOK",""
"Now","SANFRANCISCO","Apartment","$2650","1","1.00","DogOK",""
"Now","SANFRANCISCO","Apartment","$2665","1","1.00","PetOK","645"
"Now","SANFRANCISCO","Apartment","$2672","1","1.00","PetOK","725"
"Now","SANFRANCISCO","Apartment","$2674","1","1.00","NoPets",""
"Now","SANFRANCISCO","Apartment","$2675","1","1.00","NoPets",""
"Now","SANFRANCISCO","Apartment","$2675","1","1.00","PetOK",""
"Now","SANFRANCISCO","Apartment","$2678","1","1.00","PetOK","725"
"Now","SANFRANCISCO","Apartment","$2681","1","1.00","PetOK","689"
"Now","SANFRANCISCO","Apartment","$2686","1","1.00","PetOK","874"
"Now","SANFRANCISCO","Apartment","$2687","1","1.00","PetOK","725"
"Now","SANFRANCISCO","Apartment","$2687","1","1.00","PetOK","725"
"Now","SANFRANCISCO","Apartment","$2691","1","1.00","PetOK","916"
"Now","SANFRANCISCO","Apartment","$2693","1","1.00","PetOK","564"
"Now","SANFRANCISCO","Condo","$2695","1","1.00","NoPets",""
"Now","SANFRANCISCO","Apartment","$2695","1","1.50","DogOK","950"
"Now","SANFRANCISCO","Apartment","$2695","1","1.00","PetOK","574"
"Now","SANFRANCISCO","Apartment","$2695","2","2.50","Call",""
"Now","SANFRANCISCO","House","$2695","4","1.50","NoPets","1500"
"Now","TWINPEAKS","Apartment","$2695","2","1.00","CatOK",""
"Now","SANFRANCISCO","Apartment","$2695","2","1.00","PetOK",""
"Now","SANFRANCISCO","Apartment","$2695","1","1.00","PetOK","574"
"Now","SANFRANCISCO","Apartment","$2700","1","1.00","DogOK","771"
"Now","SANFRANCISCO","Apartment","$2700","1","1.00","DogOK","854"
"Now","SANFRANCISCO","Apartment","$2700","Studio","1.00","PetOK","550"
"Now","SANFRANCISCO","Apartment","$2700","1","1.00","DogOK","600"
"Now","SANFRANCISCO","House","$2700","1","2.00","Call",""
"Now","SANFRANCISCO","Apartment","$2700","2","1.00","CatOK",""
"Now","SANFRANCISCO","Apartment","$2700","2","2.00","CatOK","1044"
"Now","SANFRANCISCO","Apartment","$2700","4","2.50","Call",""
"Now","SANFRANCISCO","Apartment","$2700","1","1.00","Call","700"
"Now","SANFRANCISCO","Apartment","$2703","1","1.00","PetOK","564"
"Now","SANFRANCISCO","Apartment","$2703","1","1.00","PetOK","564"
"Now","SANFRANCISCO","Apartment","$2733","1","1.00","PetOK","564"
"02/08/2012","SANFRANCISCO","Apartment","$2745","1","1.00","PetOK","630"
"Now","SANFRANCISCO","Apartment","$2749","3","2.00","CatOK","1260"
"Now","SANFRANCISCO","Apartment","$2749","3","2.00","DogOK","1260"
"Now","SANFRANCISCO","Apartment","$2750","Studio","1.00","Call","693"
"Now","SANFRANCISCO","Apartment","$2750","3","2.00","NoPets",""
"Now","SANFRANCISCO","Apartment","$2750","1","1.00","NoPets","700"
"Now","SANFRANCISCO","Apartment","$2750","2","1.00","PetOK",""
"Now","SANFRANCISCO","Apartment","$2750","Studio","1.00","NoPets",""
"Now","SANFRANCISCO","Apartment","$2750","2","2.00","PetOK","1000"
"Now","SANFRANCISCO","Apartment","$2750","1","1.00","PetOK",""
"Now","SANFRANCISCO","Apartment","$2791","1","1.00","DogOK","625"
"Now","SANFRANCISCO","Apartment","$2793","3","2.50","PetOK","1610"
"Now","SANFRANCISCO","Apartment","$2793","3","2.50","DogOK","1518"
"Now","SANFRANCISCO","Apartment","$2795","1","1.00","PetOK",""
"Now","SANFRANCSICO","Apartment","$2795","1","1.00","Call",""
"Now","SANFRANCISCO","Apartment","$2795","1","1.00","PetOK","718"
"Now","SANFRANCISCO","Apartment","$2795","1","1.00","PetOK","718"
"Now","SANFRANCISCO","Apartment","$2795","2","1.00","NoPets","1200"
"Now","SANFRANCISCO","Apartment","$2795","2","1.00","CatOK",""
"Now","SANFRANCISCO","Apartment","$2797","1","1.00","PetOK","625"
"Now","SANFRANCISCO","Apartment","$2797","1","1.00","DogOK","625"
"Now","SANFRANCISCO","Apartment","$2799","1","1.00","NoPets",""
"Now","SANFRANCISCO","Apartment","$2800","1","1.00","NoPets",""
"Now","SANFRANCISCO","Condo","$2800","1","1.00","NoPets",""
"Now","SANFRANCISCO","Apartment","$2800","Studio","1.00","PetOK","300"
"Now","SANFRANCISCO","Apartment","$2800","1","1.00","Call",""
"Now","SANFRANCISCO","House","$2800","3","1.00","NoPets","1700"
"Now","SANFRANCISCO","House","$2800","2","1.50","NoPets",""
"Now","SANFRANCISCO","Apartment","$2800","1","1.00","PetOK","790"
"Now","SANFRANCISCO","Apartment","$2800","4","2.00","NoPets",""
"Now","SANFRANCISCO","Apartment","$2800","2","2.00","NoPets",""
"Now","SANFRANCISCO","Condo","$2800","2","2.00","PetOK","1165"
"Now","SANFRANCISCO","Apartment","$2800","1","1.00","PetOK","790"
"Now","SANFRANCISCO","Apartment","$2810","1","1.00","PetOK","574"
"Now","SANFRANCISCO","Apartment","$2810","1","1.00","Call",""
"Now","SANFRANCISCO","Apartment","$2815","1","1.00","PetOK","733"
"Now","SANFRANCISCO","Apartment","$2815","1","1.00","PetOK","733"
"Now","SANFRANCISCO","Apartment","$2825","1","1.00","PetOK","951"
"Now","SANFRANCISCO","Apartment","$2829","1","1.00","DogOK","625"
"Now","SANFRANCISCO","Apartment","$2836","3","3.00","CatOK","1375"
"Now","SANFRANCISCO","Apartment","$2836","3","3.00","DogOK","1375"
"Now","SANFRANCISCO","Apartment","$2840","2","2.00","PetOK","890"
"Now","SANFRANCISCO","Apartment","$2850","1","1.00","PetOK",""
"Now","SANFRANCISCO","Apartment","$2850","1","1.00","Call","651"
"Now","SANFRANCISCO","Apartment","$2850","2","2.00","NoPets","929"
"Now","SANFRANCISCO","Apartment","$2850","2","2.00","NoPets","1021"
"Now","SANFRANCISCO","Apartment","$2850","1","1.00","NoPets",""
"Now","SANFRANCISCO","Apartment","$745","Studio","1.00","Call",""
"Now","SANFRANCISCO","Apartment","$875","Studio","1.00","NoPets",""
"Now","SANFRANCISCO","Apartment","$950","Studio","1.00","Call",""
"Now","SANFRANCISCO","Apartment","$975","Studio","1.00","NoPets","230"
"Now","SANFRANCISCO","Apartment","$995","Studio","1.00","Call",""
"Now","SANFRANCISCO","Apartment","$995","1","1.00","Call","570"
"Now","SANFRANCISCO","Apartment","$1095","Studio","1.00","Call",""
"Now","SANFRANCISCO","Apartment","$1185","Studio","1.00","CatOK",""
"Now","SANFRANCISCO","Apartment","$1189","Studio","1.00","PetOK","510"
"Now","SANFRANCISCO","Apartment","$1195","Studio","1.00","DogOK",""
"Now","ALAMOSQUARE","Apartment","$1200","Studio","1.00","Call","850"
"Now","SANFRANCISCO","Apartment","$1200","1","1.00","NoPets","650"
"Now","SANFRANCISCO","Apartment","$1250","1","1.00","PetOK",""
"Now","SANFRANCISCO","Apartment","$1275","Studio","1.00","NoPets",""
"Now","SANFRANCISCO","Apartment","$1295","Studio","1.00","NoPets",""
"Now","SANFRANCISCO","Apartment","$1295","Studio","1.00","NoPets",""
"Now","SANFRANCISCO","Apartment","$1295","Studio","1.00","PetOK",""
"Now","SANFRANCISCO","Apartment","$1299","1","1.00","CatOK",""
"Now","SANFRANCISCO","Apartment","$1324","Studio","1.00","WillConsider",""
"Now","SANFRANCISCO","Apartment","$1345","Studio","1.00","PetOK","290"
"Now","SANFRANCISCO","Apartment","$1350","1","1.00","Call",""
"Now","SANFRANCISCO","Apartment","$1384","Studio","1.00","NoPets",""
"Now","SANFRANCISCO","Apartment","$1394","1","1.00","Call","1015"
"Now","SANFRANCISCO","Apartment","$1395","Studio","1.00","NoPets","520"
"Now","SANFRANCISCO","Apartment","$1395","Studio","1.00","PetOK",""
"Now","SANFRANCISCO","Condo","$2850","3","2.00","PetOK",""
"Now","SANFRANCISCO","Apartment","$2850","2","2.00","NoPets","756"
"Now","SANFRANCISCO","Apartment","$2850","1","1.00","CatOK",""
"Now","SANFRANCISCO","Apartment","$2880","1","1.00","PetOK","730"
"Now","SANFRANCISCO","Apartment","$2890","2","2.00","DogOK","989"
"Now","SANFRANCISCO","Apartment","$2895","1","1.00","PetOK",""
"Now","SANFRANCISCO","Apartment","$2895","3","1.50","NoPets",""
"Now","SANFRANCISCO","Apartment","$2895","2","2.00","PetOK","990"
"Now","SANFRANCISCO","Apartment","$2895","3","1.50","DogOK","1280"
"Now","SANFRANCISCO","Apartment","$2898","2","2.00","PetOK",""
"Now","SANFRANCISCO","Apartment","$2899","2","1.00","Call",""
"Now","SANFRANCISCO","Apartment","$2900","2","1.00","PetOK","794"
"Now","SANFRANCISCO","Apartment","$2900","2","1.00","Call",""
"Now","SANFRANCISCO","Condo","$2900","2","1.00","NoPets",""
"Now","SANFRANCISCO","Apartment","$2900","1","1.50","DogOK",""
"Now","SANFRANCISCO","Apartment","$2900","1","1.00","NoPets",""
"Now","SANFRANCISCO","Apartment","$2900","4","2.00","NoPets",""
"Now","SANFRANCISCO","Apartment","$2900","4","2.50","DogOK","1480"
"Now","SANFRANCISCO","Apartment","$2900","2","1.00","CatOK",""
"Now","SANFRANCISCO","Apartment","$2923","1","1.00","PetOK","808"
"Now","SANFRANCISCO","Apartment","$2932","1","1.00","PetOK","858"
"Now","SANFRANCISCO","Apartment","$2945","1","1.00","DogOK","502"
"Now","SANFRANCISCO","Apartment","$2950","2","1.00","NoPets",""
"Now","SANFRANCISCO","Apartment","$2950","1","1.00","NoPets","575"
"Now","SANFRANCISCO","Apartment","$2950","1","1.00","Call","670"
"Now","SANFRANCISCO","Apartment","$2950","1","1.00","NoPets",""
"Now","SANFRANCISCO","Apartment","$2950","2","2.00","DogOK","794"
"Now","SANFRANCISCO","House","$2950","4","2.00","Call",""
"Now","SANFRANCISCO","Apartment","$2959","1","1.00","PetOK","625"
"Now","SANFRANCISCO","Apartment","$2960","1","1.00","PetOK","742"
"Now","SANFRANCISCO","Apartment","$2960","1","1.00","PetOK","742"
"Now","SANFRANCISCO","Apartment","$2960","1","1.00","PetOK","787"
"Now","SANFRANCISCO","Apartment","$2975","2","1.00","PetOK",""
"Now","SANFRANCISCO","Apartment","$2990","1","1.00","Call","693"
"Now","SANFRANCISCO","Apartment","$2994","2","2.00","Call",""
"Now","SANFRANCISCO","Apartment","$2994","2","2.00","PetOK","995"
"Now","SANFRANCISCO","Apartment","$2994","2","2.00","PetOK",""
"Now","SANFRANCISCO","Apartment","$2995","2","1.00","WillConsider",""
"Now","SANFRANCISCO","Apartment","$2995","3","2.00","CatOK",""
"Now","SANFRANCISCO","Apartment","$2995","2","1.00","PetOK",""
"Now","SANFRANCISCO","Apartment","$2995","3","2.50","Call",""
"Now","SANFRANCISCO","Apartment","$2995","3","2.00","PetOK","1569"
"Now","SANFRANCISCO","Apartment","$2995","3","1.50","DogOK","1200"
"Now","SANFRANCISCO","Apartment","$2995","2","1.00","Call",""
"Now","SANFRANCISCO","Apartment","$2999","1","1.00","PetOK",""
"Now","PACIFICHEIGHTS","Apartment","$3000","2","1.00","NoPets",""
"Now","SANFRANCISCO","Apartment","$3000","1","1.00","PetOK","680"
"Now","SANFRANCISCO","Apartment","$3000","2","2.00","CatOK",""
"Now","SANFRANCISCO","Apartment","$3000","2","1.00","PetOK",""
"Now","SANFRANCISCO","Apartment","$3000","3","1.00","CatOK","1300"
"Now","TWINPEAKS","Apartment","$3000","1","1.00","NoPets",""
"Now","SANFRANCISCO","Apartment","$3000","1","1.00","NoPets",""
"Now","SANFRANCISCO","Apartment","$3000","1","1.00","PetOK","730"
"Now","SANFRANCISCO","Apartment","$3000","2","1.00","DogOK","1140"
"Now","SANFRANCISCO","Apartment","$3000","2","1.00","DogOK","975"
"Now","SANFRANCISCO","Apartment","$3000","2","1.00","PetOK",""
"Now","SANFRANCISCO","Condo","$3000","2","1.00","NoPets","756"
"Now","SANFRANCISCO","Apartment","$3015","1","1.00","PetOK","738"
"Now","SANFRANCISCO","Apartment","$3050","2","1.00","NoPets",""
"Now","SANFRANCISCO","Apartment","$3050","2","1.00","PetOK",""
"Now","SANFRANCISCO","Apartment","$3050","2","1.00","NoPets",""
"Now","SANFRANCISCO","Apartment","$3050","2","1.00","Call",""
"Now","SANFRANCISCO","Apartment","$3050","2","1.00","PetOK","882"
"Now","SANFRANCISCO","Apartment","$3055","2","2.00","PetOK","1044"
"01/31/2012","SANFRANCISCO","Apartment","$3060","2","2.00","Call","815"
"Now","SANFRANCISCO","Apartment","$3062","2","2.00","PetOK","925"
"Now","SANFRANCISCO","Apartment","$3066","1","1.00","PetOK",""
"Now","SANFRANCISCO","Apartment","$3071","1","1.00","PetOK",""
"Now","SANFRANCISCO","Apartment","$3071","1","1.00","PetOK","814"
"Now","SANFRANCISCO","Apartment","$3075","1","1.00","NoPets",""
"Now","SANFRANCISCO","Apartment","$3075","1","1.00","NoPets",""
"Now","SANFRANCISCO","Apartment","$3100","2","1.00","PetOK","814"
"Now","SANFRANCISCO","Apartment","$3100","2","2.00","PetOK","1059"
"Now","SANFRANCISCO","House","$3100","3","2.00","Call",""
"Now","SANFRANCISCO","Apartment","$3100","1","1.00","PetOK","826"
"Now","SANFRANCISCO","House","$3100","3","2.00","NoPets",""
"Now","SANFRANCISCO","Apartment","$3106","2","2.00","Call",""
"Now","SANFRANCISCO","Apartment","$3125","4","2.00","PetOK",""
"Now","SANFRANCISCO","Apartment","$3125","2","2.00","NoPets",""
"Now","SANFRANCISCO","Apartment","$3125","4","2.50","NoPets",""
"Now","SANFRANCISCO","Apartment","$3125","4","2.00","DogOK","1390"
"Now","SANFRANCISCO","Apartment","$3140","1","1.00","PetOK","723"
"Now","SANFRANCISCO","Townhouse","$3150","3","2.00","PetOK","1241"
"Now","SANFRANCISCO","Apartment","$3152","2","2.00","PetOK","705"
"Now","SANFRANCISCO","Apartment","$3157","2","2.00","DogOK","925"
"Now","SANFRANCISCO","Apartment","$3160","2","2.00","NoPets",""
"Now","SANFRANCISCO","Condo","$3160","2","2.00","NoPets",""
"Now","SANFRANCISCO","Apartment","$3164","1","1.00","Call","740"
"Now","SANFRANCISCO","Apartment","$3165","1","1.00","PetOK","798"
"Now","SANFRANCISCO","Apartment","$3165","1","1.00","PetOK","798"
"Now","SANFRANCISCO","Apartment","$3170","1","1.00","PetOK","762"
"Now","SANFRANCISCO","Apartment","$3175","1","1.00","PetOK","825"
"Now","SANFRANCISCO","Apartment","$3175","2","1.00","PetOK","814"
"Now","SANFRANCISCO","Apartment","$3175","1","1.00","PetOK","825"
"Now","SANFRANCISCO","Apartment","$3190","1","1.00","PetOK","840"
"Now","SANFRANCISCO","Loft","$3200","1","1.50","NoPets",""
"Now","SANFRANCISCO","Apartment","$3200","2","2.00","PetOK","1098"
"Now","SANFRANCISCO","Townhouse","$3200","3","2.50","PetOK","1393"
"Now","SANFRANCISCO","Condo","$3200","1","2.00","NoPets","1100"
"Now","SANFRANCISCO","Apartment","$3200","2","2.00","NoPets","3200"
"Now","SANFRANCISCO","House","$3200","2","1.00","PetOK",""
"Now","SANFRANCISCO","Apartment","$3200","1","1.50","Call","800"
"Now","SANFRANCISCO","Apartment","$3200","2","2.00","PetOK",""
"Now","SANFRANCISCO","Apartment","$3216","2","2.00","PetOK","1098"
"Now","SANFRANCISCO","Apartment","$3225","1","1.00","Call","650"
"Now","SANFRANCISCO","House","$3225","2","2.00","NoPets",""
"Now","SANFRANCISCO","Apartment","$3226","2","2.00","PetOK","1098"
"Now","SANFRANCISCO","Apartment","$3230","1","1.00","PetOK","822"
"Now","SANFRANCISCO","Apartment","$3230","1","1.00","PetOK","822"
"Now","SANFRANCISCO","Apartment","$3235","1","1.00","PetOK","1006"
"Now","SANFRANCISCO","Apartment","$3235","1","1.00","PetOK","1006"
"Now","SANFRANCISCO","Apartment","$3250","2","1.00","Call","893"
"Now","SANFRANCISCO","Apartment","$3250","4","2.00","DogOK","1475"
"Now","SANFRANCISCO","Condo","$3250","2","2.00","NoPets",""
"Now","SANFRANCISCO","Condo","$3250","1","1.00","NoPets",""
"Now","SANFRANCISCO","Apartment","$3250","1","1.00","NoPets",""
"Now","SANFRANCISCO","Apartment","$3250","4","2.00","NoPets",""
"Now","SANFRANCISCO","Apartment","$3250","2","1.00","Call",""
"Now","SANFRANCISCO","Apartment","$3250","3","2.50","PetOK","1416"
"Now","SANFRANCISCO","Apartment","$3255","2","1.00","PetOK","814"
"Now","SANFRANCISCO","Apartment","$3260","2","1.00","PetOK","814"
"Now","SANFRANCISCO","Apartment","$3280","1","1.00","PetOK","882"
"Now","SANFRANCISCO","Apartment","$3280","1","1.00","PetOK","882"
"Now","SANFRANCISCO","Apartment","$3280","2","2.00","PetOK","975"
"Now","SANFRANCISCO","Apartment","$3281","2","1.00","PetOK",""
"Now","SANFRANCISCO","Apartment","$3285","1","1.00","CatOK","808"
"Now","SANFRANCISCO","Apartment","$3285","2","2.00","PetOK",""
"Now","SANFRANCISCO","House","$3290","3","2.00","NoPets",""
"Now","SANFRANCISCO","House","$3290","2","2.00","PetOK",""
"Now","SANFRANCISCO","Apartment","$3290","1","1.00","PetOK","868"
"Now","SANFRANCISCO","Apartment","$3290","1","1.00","PetOK","868"
"Now","SANFRANCISCO","Apartment","$3295","2","2.00","DogOK","1003"
"Now","SANFRANCISCO","Apartment","$3298","2","2.00","PetOK","1044"
"Now","SANFRANCISCO","Apartment","$3299","1","1.00","NoPets",""
"Now","NOBHILL","Apartment","$3300","2","2.00","NoPets",""
"Now","SANFRANCISCO","Condo","$3300","1","1.00","NoPets",""
"Now","SANFRANCISCO","Apartment","$3300","1","1.00","PetOK","950"
"Now","SANFRANCISCO","Loft","$3300","1","2.00","NoPets","1100"
"Now","SANFRANCISCO","Apartment","$3300","2","1.00","PetOK","3300"
"Now","SANFRANCISCO","Apartment","$3300","2","2.00","PetOK","1044"
"Now","SANFRANCISCO","Apartment","$3300","2","1.00","PetOK","1100"
"Now","SANFRANCISCO","House","$3300","3","2.00","Call",""
"Now","SANFRANCISCO","Apartment","$3300","2","2.00","Call","1032"
"Now","SANFRANCISCO","Apartment","$3325","3","2.00","PetOK",""
"Now","SANFRANCISCO","Apartment","$3350","4","2.00","PetOK","1380"
"Now","SANFRANCISCO","Apartment","$3350","4","2.00","PetOK",""
"Now","SANFRANCISCO","Apartment","$3364","2","2.00","PetOK","925"
"Now","SANFRANCISCO","Apartment","$3366","2","2.00","PetOK","1044"
"Now","SANFRANCISCO","Apartment","$3375","1","1.00","PetOK","720"
"Now","SANFRANCISCO","Apartment","$3376","2","2.00","PetOK","1044"
"Now","SANFRANCISCO","Apartment","$3386","2","2.00","PetOK","1044"
"02/01/2012","SANFRANCISCO","Apartment","$3390","2","1.00","Call","1015"
"Now","SANFRANCISCO","Apartment","$3394","2","2.00","PetOK","1098"
"Now","SANFRANCSICO","Apartment","$3395","2","1.00","PetOK",""
"Now","TWINPEAKS","Apartment","$3400","2","1.00","NoPets",""
"Now","SANFRANCISCO","Apartment","$3400","3","1.50","PetOK","1280"
"Now","SANFRANCISCO","Apartment","$3400","1","1.00","PetOK","650"
"Now","SANFRANCISCO","Apartment","$3400","3","1.00","DogOK","1080"
"Now","SANFRANCISCO","Apartment","$3400","1","1.00","Call","450"
"Now","SANFRANCISCO","Apartment","$3400","3","1.50","DogOK","1600"
"Now","SANFRANCISCO","Apartment","$3400","3","1.00","PetOK",""
"Now","SANFRANCISCO","Apartment","$3415","1","2.00","PetOK",""
"Now","SANFRANCISCO","Apartment","$3416","2","2.00","CatOK","710"
"Now","SANFRANCISCO","Apartment","$3417","1","1.50","NoPets","1100"
"Now","SANFRANCISCO","Apartment","$3435","2","2.00","PetOK","1077"
"Now","SANFRANCISCO","Apartment","$3440","2","2.00","PetOK","1077"
"Now","SANFRANCISCO","Apartment","$3450","3","2.50","PetOK","1510"
"Now","SANFRANCISCO","Apartment","$3455","2","2.00","PetOK",""
"Now","SANFRANCISCO","Apartment","$3455","2","2.00","PetOK","1053"
"Now","SANFRANCISCO","Apartment","$3475","1","1.00","NoPets",""
"Now","SANFRANCISCO","Apartment","$3480","2","2.00","PetOK",""
"01/28/2012","SANFRANCISCO","Apartment","$3495","1","1.00","DogOK",""
"Now","SANFRANCISCO","Apartment","$3495","4","3.00","PetOK","2142"
"Now","SANFRANCISCO","Apartment","$3495","1","1.50","PetOK","950"
"Now","SANFRANCISCO","Apartment","$3495","3","2.00","PetOK","1265"
"Now","SANFRANCSICO","Apartment","$3495","1","1.00","PetOK",""
"Now","SANFRANCISCO","Apartment","$3499","3","2.00","Call",""
"Now","SANFRANCISCO","Apartment","$3499","3","2.00","PetOK","1265"
"Now","SANFRANCISCO","Apartment","$3499","3","2.00","PetOK","1265"
"Now","SANFRANCISCO","Condo","$3500","1","1.50","NoPets",""
"Now","SANFRANCISCO","Apartment","$3500","2","2.00","NoPets",""
"Now","SANFRANCISCO","Apartment","$3500","2","2.50","PetOK",""
"Now","SANFRANCISCO","Condo","$3500","3","2.00","Call",""
"Now","SANFRANCISCO","Condo","$3500","2","2.00","NoPets","968"
"Now","SANFRANCISCO","Condo","$3500","1","1.00","NoPets",""
"Now","SANFRANCISCO","Apartment","$3500","2","1.00","DogOK","1325"
"Now","SANFRANCISCO","Apartment","$3500","2","2.00","PetOK",""
"Now","SANFRANCISCO","House","$3500","3","1.50","Call",""
"Now","SANFRANCISCO","House","$3500","4","2.00","CatOK",""
"Now","SANFRANCISCO","Condo","$3500","2","2.00","CatOK",""
"Now","SANFRANCISCO","House","$3500","3","2.00","NoPets","1162"
"Now","SANFRANCISCO","Apartment","$3520","1","1.00","PetOK","861"
"Now","SANFRANCISCO","Apartment","$3525","3","2.00","PetOK","1260"
"Now","SANFRANCISCO","Apartment","$3525","3","3.00","PetOK","1375"
"Now","SANFRANCISCO","Apartment","$3532","2","2.00","PetOK","1130"
"Now","SANFRANCISCO","Apartment","$3540","2","2.00","CatOK","1130"
"Now","SANFRANCISCO","Apartment","$3544","2","2.00","CatOK","1612"
"Now","SANFRANCISCO","Apartment","$3550","4","3.50","PetOK","2543"
"Now","SANFRANCISCO","Apartment","$3550","1","1.00","Call",""
"Now","SANFRANCISCO","House","$3560","2","2.00","PetOK",""
"Now","SANFRANCISCO","Apartment","$3570","2","2.00","PetOK","1334"
"Now","SANFRANCISCO","Apartment","$3590","2","2.00","PetOK","1226"
"Now","SANFRANCISCO","Apartment","$3590","2","2.00","PetOK","1211"
"Now","SANFRANCISCO","Apartment","$3591","2","2.00","PetOK","1130"
"Now","SANFRANCISCO","Apartment","$3595","2","1.00","Call","983"
"Now","SANFRANCISCO","Guesthouse","$3595","3","2.00","PetOK",""
"Now","SANFRANCISCO","Apartment","$3600","1","1.00","Call",""
"Now","SANFRANCISCO","Apartment","$3600","2","2.00","PetOK","1133"
"Now","SANFRANCISCO","Apartment","$3600","2","2.00","DogOK","1361"
"Now","SANFRANCISCO","Apartment","$3600","2","1.00","Call",""
"Now","SANFRANCISCO","Apartment","$3600","2","2.00","DogOK","1282"
"Now","SANFRANCISCO","Apartment","$3623","2","2.00","PetOK","1133"
"Now","SANFRANCISCO","Apartment","$3623","2","2.00","PetOK","1133"
"Now","SANFRANCISCO","Apartment","$3625","2","2.00","NoPets",""
"Now","SANFRANCISCO","Apartment","$3625","2","2.00","NoPets",""
"Now","SANFRANCISCO","Apartment","$3625","2","2.00","NoPets","1300"
"02/11/2012","SANFRANCISCO","Apartment","$3650","2","2.00","Call","913"
"Now","SANFRANCISCO","Apartment","$3665","2","1.00","Call","1500"
"Now","SANFRANCISCO","Apartment","$3680","2","2.00","PetOK","1238"
"Now","SANFRANCISCO","Apartment","$3695","2","1.00","NoPets",""
"Now","SANFRANCISCO","House","$3700","2","2.00","NoPets",""
"Now","SANFRANCISCO","Apartment","$3700","2","2.50","PetOK","1502"
"Now","SANFRANCISCO","Apartment","$3700","1","1.00","NoPets",""
"Now","SANFRANCISCO","House","$3700","2","2.00","PetOK",""
"Now","SANFRANCISCO","Apartment","$3700","3","1.00","PetOK","1250"
"Now","SANFRANCISCO","Apartment","$3704","2","1.00","PetOK",""
"Now","SANFRANCISCO","Apartment","$3704","2","2.00","Call","950"
"Now","SANFRANCISCO","Apartment","$3720","3","1.00","PetOK",""
"Now","SANFRANCISCO","Apartment","$3720","3","2.50","PetOK",""
"Now","SANFRANCISCO","Apartment","$3720","2","2.50","PetOK","1510"
"Now","SANFRANCISCO","Apartment","$3725","2","1.00","NoPets",""
"Now","SANFRANCISCO","Apartment","$3750","3","2.00","NoPets",""
"Now","SANFRANCISCO","Apartment","$3750","1","1.00","CatOK",""
"Now","SANFRANCISCO","Apartment","$3750","1","1.00","CatOK",""
"Now","SANFRANCISCO","Apartment","$3750","1","1.00","NoPets",""
"Now","SANFRANCISCO","Apartment","$3750","1","1.00","CatOK",""
"Now","SANFRANCISCO","Condo","$3750","2","1.50","NoPets",""
"Now","SANFRANCISCO","Apartment","$3750","3","2.50","PetOK","1614"
"Now","SANFRANCISCO","Condo","$3750","2","2.00","NoPets",""
"Now","SANFRANCISCO","Apartment","$3750","2","2.00","Call","1500"
"Now","SANFRANCISCO","House","$3750","2","2.00","PetOK","1600"
"Now","SANFRANCISCO","Apartment","$3764","2","2.00","NoPets",""
"Now","SANFRANCISCO","Apartment","$3765","2","2.00","PetOK","1214"
"Now","SANFRANCISCO","Apartment","$3770","2","2.00","PetOK","1241"
"Now","SANFRANCISCO","Apartment","$3785","3","2.00","DogOK","1125"
"Now","SANFRANCISCO","Apartment","$3799","2","2.00","NoPets",""
"Now","SANFRANCISCO","Apartment","$3799","2","2.00","NoPets",""
"Now","SANFRANCISCO","House","$3800","3","2.50","NoPets",""
"Now","SANFRANCISCO","Condo","$3800","1","1.00","Call","5000"
"Now","SANFRANCISCO","Condo","$3800","3","1.00","NoPets",""
"Now","SANFRANCISCO","Apartment","$1400","1","1.00","PetOK","504"
"Now","SANFRANCISCO","Apartment","$1400","1","1.00","PetOK","1092"
"Now","SANFRANCISCO","Apartment","$1423","Studio","1.00","CatOK","326"
"Now","SANFRANCISCO","Apartment","$1439","1","1.00","Call","604"
"Now","SANFRANCISCO","Apartment","$1450","1","1.00","NoPets",""
"Now","SANFRANCISCO","Apartment","$1450","Studio","1.00","Call","275"
"Now","SUNSET","Apartment","$1475","1","1.00","NoPets",""
"Now","SANFRANCISCO","Apartment","$1495","1","1.00","NoPets",""
"Now","SANFRANCISCO","Apartment","$1495","Studio","1.00","Call",""
"Now","SANFRANCISC","Apartment","$1495","Studio","1.00","Call",""
"Now","SANFRANCISCO","Apartment","$1495","1","1.00","NoPets",""
"Now","SANFRANCISCO","Apartment","$1495","1","1.00","NoPets",""
"Now","SANFRANCISCO","Apartment","$1500","1","1.00","Call","700"
"Now","SANFRANCISCO","Apartment","$1508","1","1.00","PetOK",""
"Now","SANFRANCISCO","Apartment","$1543","Studio","1.00","DogOK","548"
"Now","SANFRANCISCO","Apartment","$1543","Studio","1.00","CatOK","570"
"Now","SANFRANCISCO","Apartment","$1545","1","1.00","CatOK",""
"Now","SANFRANCISCO","Apartment","$1550","1","1.00","CatOK","625"
"Now","SANFRANCISCO","Apartment","$1550","Studio","1.00","Call","410"
"Now","SANFRANCISCO","Apartment","$1550","1","1.00","NoPets",""
"Now","SANFRANCISCO","Apartment","$1550","Studio","1.00","Call","375"
"Now","SANFRANCISCO","Apartment","$1550","1","1.00","NoPets",""
"Now","SANFRANCISCO","Apartment","$1560","Studio","1.00","Call","420"
"Now","SANFRANCISCO","Apartment","$1575","Studio","1.00","NoPets",""
"Now","SANFRANCISCO","Apartment","$1575","Studio","1.00","Call",""
"Now","SANFRANCISCO","Apartment","$3815","3","2.00","PetOK","1125"
"Now","SANFRANCISCO","Apartment","$3825","2","1.00","PetOK",""
"Now","SANFRANCISCO","Apartment","$3844","2","2.00","PetOK","1612"
"Now","SANFRANCISCO","Apartment","$3844","2","2.00","PetOK","1667"
"Now","SANFRANCISCO","Apartment","$3850","2","1.00","NoPets",""
"Now","SANFRANCISCO","Apartment","$3850","1","1.50","NoPets","800"
"Now","SANFRANCISCO","Apartment","$3874","2","2.00","PetOK","1164"
"Now","SANFRANCISCO","Apartment","$3887","2","2.00","DogOK","1214"
"Now","SANFRANCISCO","Apartment","$3890","2","1.00","PetOK","1216"
"Now","SANFRANCISCO","Townhouse","$3895","4","2.00","PetOK",""
"Now","SANFRANCISCO","Apartment","$3895","3","1.00","NoPets",""
"Now","SANFRANCISCO","Apartment","$3895","2","1.00","CatOK",""
"Now","SANFRANCISCO","Apartment","$3895","2","1.00","CatOK",""
"Now","SANFRANCISCO","Apartment","$3895","1","2.00","PetOK",""
"Now","SANFRANCISCO","House","$3900","3","2.00","Call",""
"Now","SANFRANCISCO","Apartment","$3900","3","1.00","PetOK",""
"Now","SANFRANCISCO","Apartment","$3900","1","1.00","NoPets",""
"Now","SANFRANCISCO","Condo","$3900","3","1.50","NoPets",""
"Now","SANFRANCISCO","Apartment","$3900","1","1.00","PetOK",""
"Now","SANFRANCISCO","Apartment","$3900","2","2.00","NoPets",""
"Now","SANFRANCISCO","Apartment","$3900","4","2.50","DogOK","1850"
"Now","SANFRANCISCO","Apartment","$3900","2","2.00","NoPets",""
"Now","SANFRANCISCO","Apartment","$3904","2","2.00","CatOK","1667"
"Now","SANFRANCISCO","Apartment","$3913","2","1.00","NoPets",""
"Now","SANFRANCISCO","Apartment","$3950","1","2.00","NoPets","980"
"Now","SANFRANCISCO","Apartment","$3950","1","1.00","NoPets",""
"Now","SANFRANCISCO","Condo","$3950","3","2.00","NoPets",""
"Now","SANFRANCISCO","Condo","$3950","2","2.00","NoPets",""
"Now","SANFRANCISCO","Apartment","$3950","1","1.00","NoPets",""
"Now","SANFRANCISCO","Apartment","$3966","2","2.00","CatOK","1214"
"Now","SANFRANCISCO","Apartment","$3975","3","1.00","DogOK","1250"
"Now","SANFRANCISCO","Apartment","$3975","3","1.00","PetOK",""
"Now","SANFRANCISCO","Condo","$3975","2","2.00","NoPets",""
"Now","SANFRANCISCO","Apartment","$3995","Studio","1.00","Call",""
"Now","SANFRANCISCO","Apartment","$3999","2","1.00","PetOK",""
"Now","SANFRANCISCO","Apartment","$3999","2","2.00","NoPets",""
"Now","SANFRANCISCO","Guesthouse","$3999","2","1.00","PetOK",""
"Now","SANFRANCISCO","Apartment","$4000","2","1.00","NoPets","1000"
"Now","SANFRANCISCO","Apartment","$4000","1","1.00","Call","550"
"Now","SANFRANCISCO","Apartment","$4000","3","2.00","Call",""
"Now","SANFRANCISCO","Apartment","$4000","2","2.00","Call","1100"
"Now","SANFRANCISCO","Apartment","$4000","Studio","1.00","Call","550"
"Now","SANFRANCISCO","Apartment","$4000","3","1.00","PetOK",""
"Now","SANFRANCISCO","Apartment","$4000","2","1.00","Call","400"
"Now","SANFRANCISCO","Apartment","$4000","2","2.00","CatOK",""
"Now","SANFRANCISCO","House","$4000","3","2.50","PetOK",""
"Now","SANFRANCISCO","Apartment","$4000","1","2.00","NoPets","1200"
"Now","SANFRANCISCO","Apartment","$4006","2","2.00","PetOK","1214"
"Now","SANFRANCISCO","Apartment","$4025","2","1.00","PetOK","910"
"Now","SANFRANCISCO","Apartment","$4045","2","2.00","PetOK","1094"
"Now","SANFRANCISCO","Apartment","$4050","2","2.00","Call","973"
"Now","SANFRANCISCO","Apartment","$4050","Studio","1.00","NoPets",""
"Now","SANFRANCISCO","Apartment","$4064","2","1.00","DogOK",""
"Now","SANFRANCISCO","Apartment","$4064","2","2.00","PetOK","1667"
"Now","SANFRANCISCO","Apartment","$4066","2","2.00","PetOK","1211"
"Now","SANFRANCISCO","Apartment","$4100","2","2.00","Call","1000"
"Now","SANFRANCISCO","Apartment","$4102","2","2.00","Call","1240"
"Now","SANFRANCISCO","Apartment","$4145","2","2.00","PetOK","1211"
"Now","SANFRANCISCO","Apartment","$4174","2","2.00","CatOK","1286"
"Now","SANFRANCISCO","Apartment","$4175","2","2.00","PetOK",""
"Now","SANFRANCISCO","Apartment","$4185","2","2.00","PetOK","1114"
"Now","SANFRANCISCO","Apartment","$4188","2","2.00","PetOK","1286"
"Now","SANFRANCISCO","Apartment","$4200","1","1.00","PetOK",""
"Now","SANFRANCISCO","House","$4200","2","1.00","Call",""
"Now","SANFRANCISCO","Apartment","$4200","1","1.50","NoPets",""
"Now","SANFRANCISCO","Apartment","$4200","1","1.00","PetOK",""
"Now","SANFRANCISCO","Apartment","$4215","2","1.00","CatOK","886"
"Now","SANFRANCISCO","Apartment","$4215","2","2.00","DogOK","886"
"Now","SANFRANCISCO","Apartment","$4240","2","2.00","DogOK","799"
"Now","SANFRANCISCO","Condo","$4250","2","2.50","Call",""
"Now","SANFRANCISCO","Apartment","$4250","2","2.00","PetOK","1256"
"Now","TWINPEAKS","Apartment","$4250","3","2.00","NoPets",""
"Now","SANFRANCISCO","House","$4250","3","2.50","Call",""
"Now","SANFRANCISCO","Apartment","$4250","1","1.00","PetOK",""
"Now","SANFRANCISCO","Apartment","$4250","1","1.00","NoPets",""
"Now","SANFRANCISCO","Apartment","$4260","2","2.00","PetOK","1123"
"Now","SANFRANCISCO","Apartment","$4260","2","2.00","PetOK","1123"
"Now","SANFRANCISCO","Apartment","$4275","2","1.00","PetOK",""
"Now","SANFRANCISCO","Apartment","$4275","2","2.00","PetOK","990"
"Now","SANFRANCISCO","Apartment","$4300","2","2.00","PetOK",""
"Now","SANFRANCISCO","Apartment","$4300","4","2.00","NoPets",""
"Now","SANFRANCISOC","Apartment","$4350","3","1.00","CatOK",""
"Now","SANFRANCISCO","Apartment","$4390","3","2.00","PetOK","1380"
"Now","SANFRANCISCO","Apartment","$4390","3","2.00","Call",""
"Now","SANFRANCISCO","Condo","$4395","2","1.00","NoPets",""
"Now","SANFRANCISCO","Condo","$4400","2","1.00","PetOK",""
"Now","SANFRANCISCO","Apartment","$4400","2","1.50","NoPets","1500"
"Now","SANFRANCISCO","Apartment","$4400","4","2.00","PetOK","1650"
"Now","SANFRANCISCO","Apartment","$4405","2","2.00","PetOK","1186"
"Now","SANFRANCISCO","Apartment","$4416","2","2.00","NoPets","1500"
"Now","SANFRANCISCO","Apartment","$4434","2","1.00","NoPets",""
"Now","SANFRANCISCO","Apartment","$4435","2","2.00","PetOK","1282"
"Now","SANFRANCISCO","Condo","$4500","2","2.00","NoPets",""
"Now","SANFRANCISCO","Apartment","$4500","1","1.00","PetOK",""
"Now","SANFRANCISCO","Apartment","$4500","4","2.00","Call",""
"Now","SANFRANCISCO","House","$4500","4","2.00","Call",""
"Now","SANFRANCISCO","Apartment","$4500","1","2.00","NoPets","1400"
"Now","SANFRANCISCO","Apartment","$4500","1","1.00","PetOK",""
"Now","SANFRANCISCO","Condo","$4500","2","2.00","NoPets",""
"Now","SANFRANCISCO","Apartment","$4500","2","2.00","Call",""
"Now","SANFRANCISCO","Apartment","$4500","2","2.00","PetOK",""
"Now","SANFRANCISCO","Condo","$4500","2","1.00","NoPets","1500"
"Now","SANFRANCISCO","Condo","$4500","2","2.00","PetOK",""
"Now","SANFRANCISCO","Apartment","$4500","2","2.50","PetOK",""
"Now","SANFRANCISCO","Condo","$4500","3","2.50","NoPets","1800"
"Now","SANFRANCISCO","Apartment","$4513","2","2.00","CatOK","1224"
"Now","SANFRANCISCO","Apartment","$4600","1","1.00","Call","650"
"Now","SANFRANCISCO","House","$4650","2","2.00","NoPets",""
"Now","SANFRANCISCO","Apartment","$4700","3","1.00","PetOK",""
"Now","SANFRANCISCO","Apartment","$4750","2","2.00","PetOK","1224"
"Now","SANFRANCISCO","Apartment","$4799","2","1.00","NoPets",""
"Now","SANFRANCISCO","Apartment","$4800","1","1.00","CatOK",""
"Now","SANFRANCISCO","Apartment","$4800","3","3.00","PetOK","4800"
"Now","SANFRANCISCO","Condo","$4800","1","2.00","PetOK","1500"
"Now","SANFRANCISCO","Apartment","$4850","2","2.00","PetOK",""
"Now","SANFRANCISCO","House","$4860","3","2.00","Call",""
"Now","SANFRANCISCO","Condo","$4895","2","2.00","PetOK",""
"Now","SANFRANCISCO","Condo","$4895","2","2.00","PetOK","1200"
"Now","SANFRANCISCO","Apartment","$4900","3","2.00","Call","415"
"Now","SANFRANCISCO","Apartment","$4916","2","2.00","PetOK","1673"
"Now","SANFRANCISCO","Apartment","$4950","4","2.00","DogOK","1450"
"02/01/2012","SANFRANCISCO","House","$4950","3","2.50","DogOK",""
"Now","SANFRANCISCO","Condo","$4950","2","2.00","NoPets",""
"Now","SANFRANCISCO","Condo","$4975","2","2.00","Call",""
"Now","SANFRANCISCO","Apartment","$4995","2","1.00","Call",""
"Now","SANFRANCISCO","Condo","$4995","2","2.00","NoPets","1470"
"Now","SANFRANCISCO","Apartment","$4999","3","2.00","NoPets",""
"Now","SANFRANCISCO","House","$5000","2","3.00","NoPets",""
"Now","NOEVALLEY","House","$5000","2","2.00","Call",""
"Now","SANFRANCISCO","Condo","$5000","2","2.00","NoPets",""
"Now","SANFRANCISCO","Apartment","$5100","3","2.00","PetOK",""
"Now","SANFRANCISCO","Apartment","$5100","3","2.00","DogOK","2000"
"Now","SANFRANCISCO","Apartment","$5110","2","2.00","PetOK","1341"
"Now","SANFRANCISCO","Apartment","$5110","2","2.00","PetOK","1341"
"Now","SANFRANCISCO","Apartment","$5200","3","2.00","NoPets","1700"
"Now","SANFRANCISCO","Apartment","$5200","3","2.00","DogOK","1700"
"Now","SANFRANCISCO","Apartment","$5240","2","2.00","PetOK","1339"
"Now","SANFRANCISCO","Apartment","$5250","6+","3.00","NoPets","2000"
"Now","SANFRANCISCO","Apartment","$5395","4","2.50","PetOK",""
"Now","SANFRANCISCO","Apartment","$5395","4","2.50","DogOK","1620"
"Now","SANFRANCISCO","Condo","$5400","1","1.00","NoPets",""
"Now","SANFRANCISCO","Apartment","$5400","1","1.50","Call","950"
"Now","SANFRANCISCO","Condo","$5450","2","2.00","Call","1550"
"Now","SANFRANCISCO","Apartment","$5475","2","1.00","NoPets",""
"Now","SANFRANCISCO","Apartment","$5475","3","2.50","Call","1600"
"Now","SANFRANCISCO","Apartment","$5500","2","2.50","Call","1250"
"Now","SANFRANCISCO","Apartment","$5500","3","2.00","Call","415"
"Now","SANFRANCISCO","House","$5500","3","3.50","NoPets",""
"Now","SANFRANCISCO","Apartment","$5500","2","2.50","PetOK","1450"
"Now","SANFRANCISCO","Apartment","$5565","3","3.00","PetOK","1916"
"Now","SANFRANCISCO","Apartment","$5600","1","2.00","NoPets",""
"Now","SANFRANCISCO","Apartment","$5700","2","2.00","NoPets",""
"Now","SANFRANCISCO","Condo","$5750","2","2.00","NoPets","2000"
"Now","SANFRANCISCO","Apartment","$5800","2","1.00","Call",""
"Now","SANFRANCISCO","Condo","$5900","3","2.00","NoPets",""
"Now","SANFRANCISCO","Apartment","$5900","1","1.00","NoPets",""
"Now","SANFRANCISCO","Condo","$5900","1","2.00","NoPets","1600"
"Now","SANFRANCISCO","Apartment","$5995","4","2.50","PetOK","2500"
"Now","SANFRANCISCO","Apartment","$5995","1","1.00","Call","2600"
"Now","SANFRANCISCO","Condo","$6000","3","3.00","PetOK","2000"
"Now","SANFRANCISCO","Townhouse","$6000","2","3.00","Call",""
"Now","SANFRANCISCO","House","$6000","5","3.50","NoPets",""
"Now","SANFRANCISCO","Condo","$6100","3","2.00","Call",""
"Now","SANFRANCISCO","House","$6200","3","3.00","NoPets",""
"Now","SANFRANCISCO","Apartment","$6200","2","2.50","PetOK","1450"
"Now","SANFRANCISCO","Condo","$6200","1","2.00","PetOK","1958"
"Now","SANFRANCISCO","Apartment","$6450","2","2.50","Call",""
"Now","SANFRANCISCO","Condo","$6500","3","2.00","NoPets","1800"
"Now","SANFRANCISCO","Apartment","$6500","3","3.00","Call","1700"
"Now","SANFRANCISCO","Condo","$6500","2","2.00","NoPets",""
"Now","SANFRANCISCO","Apartment","$6500","2","2.00","NoPets",""
"Now","SANFRANCISCO","Apartment","$6500","4","2.00","PetOK",""
"Now","SANFRANCISCO","Apartment","$6500","3","2.00","PetOK",""
"Now","SANFRANCISCO","Apartment","$6500","2","1.00","Call","400"
"Now","TWINPEAKS","House","$6500","3","2.00","NoPets",""
"Now","SANFRANCISCO","Apartment","$6500","3","2.00","PetOK","3454"
"Now","SANFRANCISCO","Apartment","$6649","3","3.00","NoPets",""
"Now","SANFRANCISCO","Apartment","$6700","4","1.00","PetOK",""
"Now","SANFRANCISCO","Apartment","$6700","4","3.00","DogOK","1800"
"Now","SANFRANCISCO","Apartment","$6800","4","2.50","NoPets","1700"
"Now","SANFRANCISCO","Apartment","$6800","4","2.50","DogOK","2010"
"Now","SANFRANCISCO","Condo","$6890","3","2.00","NoPets","2200"
"Now","SANFRANCISCO","Condo","$6895","3","2.00","Call","2400"
"Now","SANFRANCISCO","Loft","$6900","2","1.00","NoPets","2000"
"Now","SANFRANCISCO","House","$6950","2","2.00","PetOK",""
"Now","SANFRANCISCO","Apartment","$7000","4","2.50","PetOK",""
"Now","SANFRANCISCO","Apartment","$7000","4","2.50","DogOK","2500"
"Now","SANFRANCISCO","Apartment","$7000","4","2.50","DogOK","2460"
"Now","SANFRANCISCO","Apartment","$7000","1","2.00","PetOK","1800"
"Now","SANFRANCISCO","Apartment","$7200","2","1.00","PetOK",""
"Now","SANFRANCISCO","Condo","$7200","2","2.00","NoPets","1400"
"Now","SANFRANCISCO","Apartment","$7200","2","2.00","NoPets",""
"Now","SANFRANCISCO","House","$7265","3","2.00","Call",""
"Now","SANFRANCISCO","Apartment","$7390","3","1.00","Call","2200"
"Now","SANFRANCISCO","Townhouse","$7500","3","2.50","Call",""
"Now","SANFRANCISCO","Apartment","$7500","4","3.50","PetOK",""
"Now","SANFRANCISCO","Apartment","$7500","4","3.50","DogOK","2140"
"Now","SANFRANCISCO","Apartment","$7500","2","1.00","Call",""
"Now","SANFRANCISCO","Condo","$7500","2","2.00","NoPets",""
"Now","SANFRANCISCO","House","$8000","3","3.00","Call",""
"Now","SANFRANCISCO","Apartment","$8000","2","2.00","NoPets",""
"Now","SANFRANCISCO","Apartment","$8000","5","3.50","NoPets","1700"
"Now","SANFRANCISCO","Condo","$8000","3","2.00","NoPets",""
"Now","SANFRANCISCO","Apartment","$8000","5","3.50","DogOK","3290"
"Now","SANFRANCISCO","Apartment","$8400","2","2.50","NoPets","1670"
"Now","SANFRANCISCO","Apartment","$8500","5","3.50","NoPets","2500"
"Now","SANFRANCISCO","House","$8500","4","5.00","NoPets","4000"
"Now","SANFRANCISCO","Apartment","$8750","6+","2.50","PetOK",""
"Now","SANFRANCISCO","Apartment","$8750","6+","3.50","DogOK","2800"
"Now","SANFRANCISCO","Apartment","$8950","4","4.00","NoPets","2700"
"Now","TWINPEAKS","House","$9000","3","2.50","NoPets",""
"Now","SANFRANCISCO","House","$9495","3","2.00","PetOK",""
"Now","SANFRANCISCO","Apartment","$9500","5","3.00","PetOK","2200"
"Now","SANFRANCISCO","Apartment","$9500","5","3.00","PetOK",""
"Now","SANFRANCISCO","House","$9950","4","3.50","NoPets",""
"Now","SANFRANCISCO","Condo","$9995","2","2.50","NoPets",""
"Now","SANFRANCISCO","Loft","$10000","3","3.00","Call","2700"
"Now","SANFRANCISCO","Townhouse","$10000","3","4.00","PetOK",""
"Now","SANFRANCISCO","Apartment","$10490","4","3.50","PetOK",""
"Now","SANFRANCISCO","Apartment","$10600","5","3.50","DogOK","3100"
"Now","SANFRANCISCO","Apartment","$11000","3","3.00","NoPets",""
"Now","SANFRANCISCO","House","$11000","3","3.00","NoPets",""
"Now","SANFRANCISCO","Condo","$12000","2","3.00","NoPets",""
"Now","SANFRANCISCO","Condo","$12000","2","3.00","NoPets",""
"Now","SANFRANCISCO","Apartment","$12000","3","3.00","Call","2234"
"Now","SANFRANCISCO","Condo","$13000","3","3.00","PetOK",""
"Now","SANFRANCISCO","Condo","$13500","3","3.00","NoPets",""
"Now","SANFRANCISCO","Condo","$13500","3","3.00","NoPets","2027"
"Now","SANFRANCISCO","House","$14500","4","5.00","NoPets",""
"Now","SANFRANCISCO","Apartment","$15000","4","4.50","Call","4100"
"Now","SANFRANCISCO","House","$25000","6+","5.00","NoPets",""
"Now","SANFRANCISCO","Apartment","Call","3","2.00","PetOK","1393"
"Now","SANFRANCISCO","Apartment","Call","1","1.00","PetOK","674"
"Now","SANFRANCISCO","Apartment","Call","1","1.00","PetOK","525"
"Now","SANFRANCISCO","Apartment","Call","Studio","1.00","PetOK","557"
"Now","SANFRANCISCO","Apartment","Call","1","1.00","PetOK","671"
"Now","SANFRANCISCO","Apartment","Call","2","2.00","PetOK","1139"
"Now","SANFRANCISCO","Apartment","Call","2","2.00","PetOK","1164"
"Now","SANFRANCISCO","Apartment","Call","1","1.00","PetOK","955"
"Now","SANFRANCISCO","Apartment","Call","1","1.00","PetOK","956"
"Now","SANFRANCISCO","Apartment","Call","1","1.00","PetOK","677"
"Now","SANFRANCISCO","Apartment","Call","1","1.00","PetOK","959"
"Now","SANFRANCISCO","Apartment","Call","1","1.00","PetOK","963"
"Now","SANFRANCISCO","Apartment","Call","2","2.00","PetOK","884"
"Now","SANFRANCISCO","Apartment","Call","3","2.00","PetOK","1380"
"Now","SANFRANCISCO","Apartment","Call","2","2.00","PetOK","995"
"Now","SANFRANCISCO","Apartment","Call","1","1.00","PetOK","645"
"Now","SANFRANCISCO","Apartment","Call","2","1.00","CatOK","920"
"Now","SANFRANCISCO","Apartment","Call","Studio","1.00","PetOK","529"
"Now","SANFRANCISCO","Apartment","Call","Studio","1.00","PetOK","623"
"Now","SANFRANCISCO","Apartment","$1585","1","1.00","Call","470"
"Now","SANFRANCISCO","Apartment","$1585","1","1.00","NoPets","620"
"Now","SANFRANCISCO","Apartment","$1590","1","1.00","CatOK","480"
"Now","SANFRANCISCO","Apartment","$1595","Studio","1.00","NoPets",""
"Now","SANFRANCISCO","Apartment","$1595","Studio","1.00","NoPets",""
"Now","SANFRANCISCO","Apartment","$1595","Studio","1.00","NoPets",""
"Now","SANFRANCISCO","Apartment","$1595","Studio","1.00","DogOK","350"
"Now","SANFRANCISCO","Apartment","$1600","1","1.00","NoPets",""
"Now","SANFRANCISCO","Apartment","$1600","Studio","1.00","NoPets",""
"Now","PACIFICHEIGHTS","Apartment","$1600","1","1.00","NoPets",""
"Now","SANFRANCISCO","Apartment","$1610","1","1.00","Call","530"
"Now","SANFRANCISCO","Apartment","$1650","Studio","1.00","Call",""
"Now","SANFRANCISCO","Apartment","$1650","Studio","1.00","PetOK",""
"Now","SANFRANCISCO","Apartment","$1650","Studio","1.00","NoPets","550"
"Now","SANFRANCISCO","Apartment","$1650","1","1.00","NoPets",""
"Now","SANFRANCISCO","Apartment","$1675","Studio","1.00","PetOK",""
"Now","SANFRANCISCO","Apartment","$1675","Studio","1.00","PetOK","548"
"Now","SANFRANCISCO","Apartment","$1675","Studio","1.00","PetOK","600"
"Now","SANFRANCISCO","Apartment","$1675","Studio","1.00","PetOK","521"
"Now","SANFRANCISCO","Apartment","$1675","1","1.00","Call","604"
"Now","SANFRANCISCO","House","$1690","2","1.00","NoPets",""
"Now","SANFRANCISCO","Apartment","$1695","Studio","1.00","NoPets",""
"Now","SANFRANCISCO","Apartment","$1695","Studio","1.00","Call","450"
"Now","SANFRANCISCO","Apartment","$1695","Studio","1.00","CatOK",""
"Now","SANFRANCISCO","Apartment","$1695","Studio","1.00","PetOK",""
"Now","SANFRANCISCO","Apartment","Call","1","1.00","PetOK","665"
"Now","SANFRANCISCO","Apartment","Call","1","1.00","PetOK","764"
"Now","SANFRANCISCO","Apartment","Call","1","1.00","PetOK","766"
"Now","SANFRANCISCO","Apartment","Call","2","2.00","PetOK","1107"
"Now","SANFRANCISCO","Apartment","Call","1","1.00","PetOK","778"
"Now","SANFRANCISCO","Apartment","Call","1","1.00","PetOK","787"
"Now","SANFRANCISCO","Apartment","Call","1","1.00","PetOK","786"
"Now","SANFRANCISCO","Apartment","Call","1","1.00","PetOK","812"
"Now","SANFRANCISCO","Apartment","Call","1","1.00","PetOK","854"
"Now","SANFRANCISCO","Apartment","Call","1","1.00","PetOK","856"
"Now","SANFRANCISCO","Apartment","Call","1","1.00","PetOK","905"
"Now","SANFRANCISCO","Apartment","Call","1","1.00","PetOK","910"
"Now","SANFRANCISCO","Apartment","Call","1","1.00","PetOK","744"
"Now","SANFRANCISCO","Apartment","Call","1","1.00","PetOK","935"
"Now","SANFRANCISCO","Apartment","Call","1","1.00","PetOK","967"
"Now","SANFRANCISCO","Apartment","Call","1","1.00","PetOK","986"
"Now","SANFRANCISCO","Apartment","Call","1","1.00","PetOK","620"
"Now","SANFRANCISCO","Apartment","Call","2","1.00","PetOK","886"
"Now","SANFRANCISCO","Apartment","Call","2","2.00","PetOK","1176"
"Now","SANFRANCISCO","Apartment","Call","2","1.00","PetOK","1083"
"Now","SANFRANCISCO","Apartment","Call","1","1.50","PetOK","951"
"Now","SANFRANCISCO","Apartment","Call","2","2.00","PetOK","929"
"Now","SANFRANCISCO","Apartment","Call","2","1.00","PetOK","900"
"Now","SANFRANCISCO","Apartment","Call","1","1.00","CatOK","573"
"Now","SANFRANCISCO","Apartment","Call","Studio","1.00","PetOK","533"
"Now","SANFRANCISCO","Apartment","Call","2","2.00","PetOK","1033"
"Now","SANFRANCISCO","Apartment","Call","1","1.00","PetOK","825"
"Now","SANFRANCISCO","Apartment","Call","3","2.00","PetOK","1916"
"Now","SANFRANCISCO","Apartment","Call","1","1.00","PetOK","664"
"Now","SANFRANCISCO","Apartment","Call","1","1.00","PetOK","708"
"Now","SANFRANCISCO","Apartment","Call","1","1.50","PetOK","1105"
"Now","SANFRANCISCO","Apartment","Call","2","1.50","PetOK","1778"
"Now","SANFRANCISCO","Apartment","Call","2","2.00","PetOK","1047"
"Now","SANFRANCISCO","Apartment","Call","2","2.50","PetOK","1631"
"Now","SANFRANCISCO","Apartment","Call","3","2.00","PetOK","1139"
"Now","SANFRANCISCO","Apartment","Call","Studio","1.00","PetOK","453"
"Now","SANFRANCISCO","Apartment","Call","3","2.00","PetOK","1429"
"Now","SANFRANCISCO","Apartment","Call","Studio","1.00","PetOK","432"
"Now","SANFRANCISCO","Apartment","Call","2","2.50","PetOK","1639"
"Now","SANFRANCISCO","Apartment","Call","1","1.00","PetOK","752"
"Now","SANFRANCISCO","Apartment","Call","1","1.00","PetOK","839"
"Now","SANFRANCISCO","Apartment","Call","4","3.00","PetOK","2543"
"Now","SANFRANCISCO","Apartment","Call","1","1.00","PetOK","747"
"Now","SANFRANCISCO","Apartment","Call","2","2.00","PetOK","1006"
"Now","SANFRANCISCO","Apartment","Call","1","1.00","PetOK","781"
"Now","SANFRANCISCO","Apartment","Call","2","2.00","PetOK","1328"
"Now","SANFRANCISCO","Apartment","Call","1","1.00","PetOK","795"
"Now","SANFRANCISCO","Apartment","Call","2","2.00","PetOK","1311"
"Now","SANFRANCISCO","Apartment","Call","3","2.00","PetOK","1265"
"Now","SANFRANCISCO","Apartment","Call","1","1.00","PetOK","814"
"Now","SANFRANCISCO","Apartment","Call","2","2.00","PetOK","1250"
"Now","SANFRANCISCO","Apartment","Call","1","1.00","PetOK","842"
"Now","SANFRANCISCO","Apartment","Call","2","2.00","PetOK","1310"
"Now","SANFRANCISCO","Apartment","Call","1","1.00","PetOK","675"
"Now","SANFRANCISCO","Apartment","Call","1","1.00","PetOK","816"
"Now","SANFRANCISCO","Apartment","Call","2","2.00","PetOK","1309"
"Now","SANFRANCISCO","Apartment","Call","1","1.00","PetOK","902"
"Now","SANFRANCISCO","Apartment","Call","1","1.00","PetOK","683"
"Now","SANFRANCISCO","Apartment","Call","1","1.00","PetOK","971"
"Now","SANFRANCISCO","Apartment","Call","1","1.00","PetOK","767"
"Now","SANFRANCISCO","Apartment","Call","1","1.00","PetOK","976"
"Now","SANFRANCISCO","Apartment","Call","1","1.00","PetOK","983"
"Now","SANFRANCISCO","Apartment","Call","2","2.00","PetOK","998"
"Now","SANFRANCISCO","Apartment","Call","Studio","1.00","PetOK","522"
"Now","SANFRANCISCO","Apartment","Call","2","2.00","PetOK","799"
"Now","SANFRANCISCO","Apartment","Call","3","2.00","PetOK","1254"
"Now","SANFRANCISCO","Apartment","Call","1","1.00","PetOK","591"
"Now","SANFRANCISCO","Apartment","Call","1","1.00","PetOK","721"
"Now","SANFRANCISCO","Apartment","Call","1","1.00","PetOK","782"
"Now","SANFRANCISCO","Apartment","Call","Studio","1.00","CatOK","497"
"Now","SANFRANCISCO","Apartment","Call","2","1.00","CatOK","920"
"Now","SANFRANCISCO","Apartment","Call","2","2.00","PetOK","1214"
"Now","SANFRANCISCO","Apartment","Call","2","2.50","PetOK","1673"
"Now","SANFRANCISCO","Apartment","Call","3","3.00","PetOK","1656"
"Now","SANFRANCISCO","Apartment","Call","2","1.50","PetOK","2024"
"Now","SANFRANCISCO","Apartment","Call","Studio","1.00","PetOK","508"
"Now","SANFRANCISCO","Apartment","Call","2","2.50","PetOK","1310"
"Now","SANFRANCISCO","Apartment","Call","3","2.00","PetOK","1341"
"Now","SANFRANCISCO","Apartment","Call","1","1.00","PetOK","600"
"Now","SANFRANCISCO","Apartment","Call","1","1.00","PetOK","650"
"Now","SANFRANCISCO","Apartment","Call","2","1.00","PetOK","882"
"Now","SANFRANCISCO","Apartment","Call","Studio","1.00","PetOK","875"
"Now","SANFRANCISCO","Apartment","Call","1","1.00","PetOK","811"
"Now","SANFRANCISCO","Apartment","Call","2","2.00","PetOK","1003"
"Now","SANFRANCISCO","Apartment","Call","1","1.00","PetOK","717"
"Now","SANFRANCISCO","Apartment","Call","1","1.00","PetOK","726"
"Now","SANFRANCISCO","Apartment","$1695","Studio","1.00","Call",""
"Now","SANFRANCISCO","Apartment","$1700","Studio","1.00","PetOK",""
"Now","SANFRANCISCO","Apartment","$1700","Studio","1.00","PetOK","430"
"Now","SANFRANCISCO","Apartment","$1700","Studio","1.00","CatOK","533"
"Now","SANFRANCISCO","Apartment","$1700","Studio","1.00","PetOK","520"
"Now","SANFRANCISCO","Apartment","$1716","Studio","1.00","Call","450"
"Now","SANFRANCISCO","Apartment","$1725","Studio","1.00","Call","420"
"Now","SANFRANCISCO","Apartment","$1725","Studio","1.00","Call","375"
"Now","SANFRANCISCO","Apartment","$1725","Studio","1.00","Call","400"
"Now","SANFRANCISCO","Apartment","$1750","Studio","1.00","Call","470"
"02/01/2012","SANFRANCISCO","Apartment","$1750","1","1.00","Call",""
"Now","SANFRANCISCO","Apartment","$1750","1","1.00","NoPets",""
"Now","SANFRANCISCO","House","$1755","1","1.00","NoPets",""
"Now","SANFRANCISCO","Apartment","$1759","Studio","1.00","CatOK","350"
"Now","SANFRANCISCO","Apartment","$1775","Studio","1.00","Call",""
"Now","SANFRANCISCO","Apartment","$1795","Studio","1.00","WillConsider","510"
"Now","SANFRANCISCO","Apartment","$1795","Studio","1.00","PetOK",""
"Now","SANFRANCISCO","Apartment","$1795","Studio","1.00","PetOK",""
"Now","SANFRANCISCO","Apartment","$1795","1","1.00","PetOK",""
"Now","SANFRANCISCO","Apartment","$1795","Studio","1.00","NoPets",""
"Now","SANFRANCISCO","Apartment","$1795","1","1.00","Call",""
"Now","SANFRANCISCO","Apartment","$1799","Studio","1.00","NoPets",""
"Now","SANFRANCISCO","Apartment","$1799","Studio","1.00","NoPets",""
"Now","SANFRANCISCO","House","$1800","2","1.00","Call",""
"Now","SANFRANCISCO","Apartment","$1800","2","1.00","Call",""
"Now","SANFRANCISCO","Apartment","$1810","1","1.00","Call","750"
"Now","SANFRANCISCO","Apartment","$1815","1","1.00","CatOK","720"
"Now","SANFRANCISCO","Apartment","$1815","1","1.00","DogOK","693"
"Now","SANFRANCISCO","Apartment","$1820","Studio","1.00","CatOK",""
"Now","SANFRANCISCO","Apartment","$1825","Studio","1.00","PetOK","521"
"Now","SANFRANCISCO","Apartment","$1825","Studio","1.00","Call",""
"Now","SANFRANCISCO","Apartment","$1825","Studio","1.00","PetOK","501"
"Now","SANFRANCISCO","Apartment","$1825","Studio","1.00","DogOK","479"
"Now","SANFRANCISCO","Apartment","$1825","Studio","1.00","PetOK","535"
"Now","SANFRANCISCO","Apartment","$1825","1","1.00","Call","644"
"Now","SANFRANCISCO","Apartment","$1829","Studio","1.00","PetOK","441"
"Now","SANFRANCISCO","Apartment","$1829","2","1.00","PetOK","858"
"Now","SANFRANCISCO","Apartment","$1850","1","1.00","PetOK","650"
"Now","SANFRANCISCO","Apartment","$1850","1","1.00","CatOK",""
"Now","SANFRANCISCO","Apartment","$1850","Studio","1.00","PetOK",""
"Now","SANFRANCISCO","Apartment","$1850","1","1.00","PetOK","600"
"Now","SANFRANCISCO","Apartment","$1850","1","1.00","NoPets",""
"Now","SANFRANCISCO","Apartment","$1850","2","1.00","Call",""
"Now","TELEGRAPHHILL","Apartment","$1850","2","1.00","NoPets",""
"Now","SANFRANCISCO","Apartment","$1854","2","2.00","CatOK",""
"Now","SANFRANCISCO","Apartment","$1863","Studio","1.00","CatOK",""
"01/29/2012","SANFRANCISCO","Apartment","$1870","Studio","1.00","Call","492"
"Now","SANFRANCISCO","Apartment","$1870","Studio","1.00","Call","485"
"Now","SANFRANCISCO","Townhouse","$1875","1","1.00","PetOK","699"
"Now","SANFRANCISCO","Apartment","$1875","2","1.00","CatOK",""
"Now","SANFRANCISCO","Apartment","$1875","1","1.00","PetOK","754"
"Now","SANFRANCISCO","Apartment","$1875","1","1.00","PetOK","667"
"Now","SANFRANCISCO","Apartment","$1875","1","1.00","PetOK","730"
"02/04/2012","SANFRANCISCO","Apartment","$1885","Studio","1.00","Call","510"
"Now","SANFRANCISCO","Apartment","$1895","1","1.00","NoPets",""
"Now","SANFRANCISCO","Apartment","$1895","Studio","1.00","PetOK",""
"Now","SANFRANCISCO","House","$1900","2","1.00","Call",""
"Now","SANFRANCISCO","Apartment","$1900","1","1.00","NoPets",""
"Now","SANFRANCISCO","Apartment","$1900","Studio","1.00","NoPets",""
"Now","SANFRANCISCO","Apartment","$1900","1","1.00","NoPets",""
"Now","SANFRANCISCO","Apartment","$1900","1","1.00","CatOK","690"
"Now","SANFRANCISCO","Apartment","$1900","2","1.00","NoPets",""
"01/31/2012","SANFRANCISCO","Apartment","$1910","Studio","1.00","Call","502"
"Now","SANFRANCISCO","Apartment","$1910","Studio","1.00","NoPets",""
"Now","EASTPALOALTO","Condo","$1925","2","2.00","Call",""
"Now","SANFRANCISCO","Apartment","$1925","1","1.00","PetOK","695"
"Now","SANFRANCISCO","Apartment","$1925","1","1.00","Call","480"
"Now","SANFRANCISCO","Apartment","$1925","1","1.00","Call","435"
"Now","SANFRANCISCO","Apartment","$1946","1","1.00","PetOK","800"
"Now","SANFRANCISCO","Apartment","$1950","1","1.00","Call",""
"Now","SANFRANCISCO","Apartment","$1950","1","1.00","PetOK",""
"Now","SANFRANCISCO","Apartment","$1950","1","1.00","PetOK","790"
"Now","SANFRANCISCO","Apartment","$1950","1","1.00","PetOK","800"
"Now","SANFRANCISCO","Apartment","$1950","1","1.00","NoPets",""
"Now","SANFRANCISCO","Apartment","$1950","1","1.00","PetOK","765"
"Now","SANFRANCISCO","Apartment","$1950","1","1.00","NoPets",""
"Now","SANFRANCISCO","Apartment","$1950","Studio","1.00","Call","495"
"Now","SANFRANCISCO","Apartment","$1950","1","1.00","NoPets",""
"Now","SANFRANCISCO","Apartment","$1960","1","1.00","PetOK",""
"Now","SANFRANCISCO","Apartment","$1969","2","2.00","CatOK","1035"
"Now","SANFRANCISCO","Apartment","$1975","Studio","1.00","PetOK","510"
"Now","SANFRANCISCO","Apartment","$1975","1","1.50","Call",""
"Now","SANFRANCISCO","Apartment","$1975","1","1.00","Call",""
"Now","SANFRANCISCO","Apartment","$1975","2","1.00","Call",""
"Now","SANFRANCISCO","Apartment","$1980","1","1.00","DogOK","600"
"Now","SANFRANCISCO","Townhouse","$1980","2","1.00","PetOK","1000"
"Now","SANFRANCISCO","Apartment","$1986","1","1.00","PetOK","800"
"Now","SANFRANCISCO","Apartment","$1990","Studio","1.00","Call","453"
"Now","SANFRANCISCO","Apartment","$1990","Studio","1.00","PetOK","332"
"Now","SANFRANCISCO","Apartment","$1990","Studio","1.00","PetOK","332"
"Now","SANFRANCISCO","Apartment","$1993","Studio","1.00","PetOK",""
"Now","SANFRANCISCO","Apartment","$1995","3","1.50","Call",""
"Now","SANFRANCISCO","Apartment","$1995","1","1.00","PetOK",""
"Now","SANFRANCISCO","Apartment","$1995","1","1.00","NoPets",""
"Now","SANFRANCISCO","Apartment","$1995","2","2.00","NoPets","1025"
"Now","SANFRANCISCO","Apartment","$1995","Studio","1.00","PetOK",""
"Now","SANFRANCISCO","Apartment","$1999","1","1.00","NoPets",""
"Now","SANFRANCISCO","Apartment","$1999","1","1.00","NoPets",""
"Now","SANFRANCISCO","Apartment","$1999","Studio","1.00","NoPets",""
"Now","POTREROHILL","Apartment","$1999","2","1.00","NoPets",""
"Now","SANFRANCISCO","House","$2000","2","1.00","NoPets",""
"Now","SANFRANCISCO","Apartment","$2000","1","1.00","NoPets",""
"Now","SANFRANCISCO","Apartment","$2000","1","1.00","NoPets",""
"Now","SANFRANCISCO","Apartment","$2000","3","2.00","Call",""
"Now","SANFRANCISCO","Apartment","$2000","2","1.00","Call","900"
"Now","SANFRANCISCO","Apartment","$2000","2","1.00","NoPets","700"
"Now","SANFRANCISCO","Apartment","$2000","Studio","1.00","PetOK",""
"Now","SANFANCISCO","Townhouse","$2005","1","1.00","PetOK",""
"Now","SANFRANCISCO","Apartment","$2006","Studio","1.00","DogOK","475"
"Now","SANFRANCISCO","Apartment","$2014","Studio","1.00","PetOK",""
"Now","SANFRANCISCO","Apartment","$2016","1","1.00","PetOK","754"
"Now","SANFRANCISCO","Apartment","$2050","Studio","1.00","NoPets",""
"01/30/2012","SANFRANCISCO","Apartment","$2070","1","1.00","Call","610"
"Now","SANFRANCISCO","Apartment","$2075","1","1.00","PetOK",""
"Now","SANFRANCISCO","Apartment","$2075","1","1.00","PetOK","630"
"Now","SANFRANCISCO","Apartment","$2090","Studio","1.00","PetOK","475"
"Now","SANFRANCISCO","Apartment","$2094","Studio","1.00","PetOK","450"
"Now","SANFRANCISCO","Apartment","$2095","2","1.00","NoPets",""
"Now","SANFRANCISCO","Apartment","$2095","Studio","1.00","WillConsider","510"
"Now","SANFRANCISCO","Apartment","$2095","2","1.00","NoPets",""
"Now","SANFRANCISCO","Apartment","$2095","1","1.00","Call",""
"Now","SANFRANCISCO","Apartment","$2100","1","1.00","PetOK",""
"Now","SANFRANCISCO","Apartment","$2100","1","1.00","PetOK","600"
"Now","SANFRANCISCO","Apartment","$2100","2","1.00","NoPets",""
"Now","SANFRANCISCO","Apartment","$2100","2","2.00","PetOK","1090"
"Now","SANFRANCISCO","Apartment","$2100","2","1.00","NoPets",""
"Now","SANFRANCISCO","Apartment","$2100","2","1.00","NoPets","900"
"Now","SANFRANCISCO","Apartment","$2100","2","1.00","PetOK","931"
"Now","SANFRANCISCO","Apartment","$2100","2","2.00","PetOK","1100"
"Now","SANFRANCISCO","Apartment","$2100","Studio","1.00","Call",""
"Now","SANFRANCISCO","Apartment","$2100","1","1.00","PetOK",""
"Now","SANFRANCISCO","Apartment","$2100","2","1.00","PetOK","835"
"Now","SANFRANCISCO","Apartment","$2100","1","1.00","DogOK","560"
"Now","SANFRANCISCO","Apartment","$2100","2","1.00","DogOK","780"
"Now","SANFRANCISCO","Apartment","$2100","Studio","1.00","Call","675"
"Now","SANFRANCISCO","Apartment","$2100","1","1.00","Call","590"
"Now","SANFRANCISCO","Apartment","$2105","Studio","1.00","DogOK","475"
"Now","SANFRANCISCO","Apartment","$2106","2","2.00","PetOK","1100"
"Now","SANFRANCISCO","Apartment","$2110","1","1.00","PetOK","705"
"Now","SANFRANCISCO","Apartment","$2110","1","1.00","CatOK",""
"Now","SANFRANCISCO","Apartment","$2119","Studio","1.00","PetOK","450"
"Now","SANFRANCISCO","Apartment","$2130","2","2.00","NoPets",""
"Now","SANFRANCISCO","Apartment","$2130","1","1.00","PetOK","742"
"Now","SANFRANCISCO","Apartment","$2136","1","1.00","PetOK","800"
"Now","SANFRANCISCO","Apartment","$2140","Studio","1.00","PetOK","475"
"Now","SANFRANCISCO","Apartment","$2140","Studio","1.00","PetOK","475"
"Now","SANFRANCISCO","Apartment","$2150","Studio","1.00","PetOK",""
"Now","SANFRANCISCO","House","$2150","1","1.00","CatOK",""
"Now","SANFRANCISCO","Apartment","$2150","1","1.00","Call",""
"Now","SANFRANCISCO","Apartment","$2151","Studio","1.00","PetOK","533"
